Workbook

Sheet Model comparison
A2: Model test results
A3: Results averaged across three seeds.
A5: Model | B5: glide AUROC | C5: Midjourney AUROC | D5: wukong AUROC | E5: Mean AUROC | F5: Seed SD (mean AUROC) | G5: Cross-generator SD | H5: Worst-generator AUROC | I5: Seed SD (worst AUROC)
A6: A | B6: =AVERAGE('Run metrics'!C34:C36) -> 0.97459245 | C6: =AVERAGE('Run metrics'!D34:D36) -> 0.93687021 | D6: =AVERAGE('Run metrics'!E34:E36) -> 0.94292115 | E6: =AVERAGE('Run metrics'!F34:F36) -> 0.95146127 | F6: =STDEV('Run metrics'!F34:F36) -> 0.0036146259 | G6: =AVERAGE('Run metrics'!G34:G36) -> 0.016594667 | H6: =AVERAGE('Run metrics'!H34:H36) -> 0.93687021 | I6: =STDEV('Run metrics'!H34:H36) -> 0.0012764939
A7: F | B7: =AVERAGE('Run metrics'!C37:C39) -> 0.91655415 | C7: =AVERAGE('Run metrics'!D37:D39) -> 0.7104996 | D7: =AVERAGE('Run metrics'!E37:E39) -> 0.79529457 | E7: =AVERAGE('Run metrics'!F37:F39) -> 0.80744944 | F7: =STDEV('Run metrics'!F37:F39) -> 0.059507945 | G7: =AVERAGE('Run metrics'!G37:G39) -> 0.085148637 | H7: =AVERAGE('Run metrics'!H37:H39) -> 0.7104996 | I7: =STDEV('Run metrics'!H37:H39) -> 0.064583412
A8: B | B8: =AVERAGE('Run metrics'!C40:C42) -> 0.97576341 | C8: =AVERAGE('Run metrics'!D40:D42) -> 0.90749651 | D8: =AVERAGE('Run metrics'!E40:E42) -> 0.93996501 | E8: =AVERAGE('Run metrics'!F40:F42) -> 0.94107498 | F8: =STDEV('Run metrics'!F40:F42) -> 0.0038156059 | G8: =AVERAGE('Run metrics'!G40:G42) -> 0.027952024 | H8: =AVERAGE('Run metrics'!H40:H42) -> 0.90749651 | I8: =STDEV('Run metrics'!H40:H42) -> 0.0073175217
A10: Mean AUROC: average across generators within each seed, then across seeds. Worst AUROC: minimum per seed, then average.
A11: Cross-generator SD: population SD across generators (ddof=0), averaged across seeds. Lower is more consistent.
A12: Seed SD: sample SD across three seeds (ddof=1).
A15: Metrics by generator
A17: Model | B17: Generator | C17: AUROC mean | D17: AUROC seed SD | E17: Accuracy mean | F17: Accuracy seed SD | G17: Precision mean | H17: Precision seed SD | I17: Recall mean | J17: Recall seed SD
A18: A | B18: glide | C18: =IF(COUNT('Run metrics'!J2,'Run metrics'!J5,'Run metrics'!J8)=3,AVERAGE('Run metrics'!J2,'Run metrics'!J5,'Run metrics'!J8),"n.a.") -> 0.97459245 | D18: =IF(COUNT('Run metrics'!J2,'Run metrics'!J5,'Run metrics'!J8)=3,STDEV('Run metrics'!J2,'Run metrics'!J5,'Run metrics'!J8),"n.a.") -> 0.0049391157 | E18: =IF(COUNT('Run metrics'!K2,'Run metrics'!K5,'Run metrics'!K8)=3,AVERAGE('Run metrics'!K2,'Run metrics'!K5,'Run metrics'!K8),"n.a.") -> 0.91425714 | F18: =IF(COUNT('Run metrics'!K2,'Run metrics'!K5,'Run metrics'!K8)=3,STDEV('Run metrics'!K2,'Run metrics'!K5,'Run metrics'!K8),"n.a.") -> 0.010001405 | G18: =IF(COUNT('Run metrics'!L2,'Run metrics'!L5,'Run metrics'!L8)=3,AVERAGE('Run metrics'!L2,'Run metrics'!L5,'Run metrics'!L8),"n.a.") -> 0.96313105 | H18: =IF(COUNT('Run metrics'!L2,'Run metrics'!L5,'Run metrics'!L8)=3,STDEV('Run metrics'!L2,'Run metrics'!L5,'Run metrics'!L8),"n.a.") -> 0.009212318 | I18: =IF(COUNT('Run metrics'!M2,'Run metrics'!M5,'Run metrics'!M8)=3,AVERAGE('Run metrics'!M2,'Run metrics'!M5,'Run metrics'!M8),"n.a.") -> 0.9092 | J18: =IF(COUNT('Run metrics'!M2,'Run metrics'!M5,'Run metrics'!M8)=3,STDEV('Run metrics'!M2,'Run metrics'!M5,'Run metrics'!M8),"n.a.") -> 0.018603226
A19: A | B19: Midjourney | C19: =IF(COUNT('Run metrics'!J3,'Run metrics'!J6,'Run metrics'!J9)=3,AVERAGE('Run metrics'!J3,'Run metrics'!J6,'Run metrics'!J9),"n.a.") -> 0.93687021 | D19: =IF(COUNT('Run metrics'!J3,'Run metrics'!J6,'Run metrics'!J9)=3,STDEV('Run metrics'!J3,'Run metrics'!J6,'Run metrics'!J9),"n.a.") -> 0.0012764939 | E19: =IF(COUNT('Run metrics'!K3,'Run metrics'!K6,'Run metrics'!K9)=3,AVERAGE('Run metrics'!K3,'Run metrics'!K6,'Run metrics'!K9),"n.a.") -> 0.82533188 | F19: =IF(COUNT('Run metrics'!K3,'Run metrics'!K6,'Run metrics'!K9)=3,STDEV('Run metrics'!K3,'Run metrics'!K6,'Run metrics'!K9),"n.a.") -> 0.026754855 | G19: =IF(COUNT('Run metrics'!L3,'Run metrics'!L6,'Run metrics'!L9)=3,AVERAGE('Run metrics'!L3,'Run metrics'!L6,'Run metrics'!L9),"n.a.") -> 0.95747857 | H19: =IF(COUNT('Run metrics'!L3,'Run metrics'!L6,'Run metrics'!L9)=3,STDEV('Run metrics'!L3,'Run metrics'!L6,'Run metrics'!L9),"n.a.") -> 0.0086474299 | I19: =IF(COUNT('Run metrics'!M3,'Run metrics'!M6,'Run metrics'!M9)=3,AVERAGE('Run metrics'!M3,'Run metrics'!M6,'Run metrics'!M9),"n.a.") -> 0.7788 | J19: =IF(COUNT('Run metrics'!M3,'Run metrics'!M6,'Run metrics'!M9)=3,STDEV('Run metrics'!M3,'Run metrics'!M6,'Run metrics'!M9),"n.a.") -> 0.048558418
A20: A | B20: wukong | C20: =IF(COUNT('Run metrics'!J4,'Run metrics'!J7,'Run metrics'!J10)=3,AVERAGE('Run metrics'!J4,'Run metrics'!J7,'Run metrics'!J10),"n.a.") -> 0.94292115 | D20: =IF(COUNT('Run metrics'!J4,'Run metrics'!J7,'Run metrics'!J10)=3,STDEV('Run metrics'!J4,'Run metrics'!J7,'Run metrics'!J10),"n.a.") -> 0.004984947 | E20: =IF(COUNT('Run metrics'!K4,'Run metrics'!K7,'Run metrics'!K10)=3,AVERAGE('Run metrics'!K4,'Run metrics'!K7,'Run metrics'!K10),"n.a.") -> 0.8427896 | F20: =IF(COUNT('Run metrics'!K4,'Run metrics'!K7,'Run metrics'!K10)=3,STDEV('Run metrics'!K4,'Run metrics'!K7,'Run metrics'!K10),"n.a.") -> 0.016934882 | G20: =IF(COUNT('Run metrics'!L4,'Run metrics'!L7,'Run metrics'!L10)=3,AVERAGE('Run metrics'!L4,'Run metrics'!L7,'Run metrics'!L10),"n.a.") -> 0.9586878 | H20: =IF(COUNT('Run metrics'!L4,'Run metrics'!L7,'Run metrics'!L10)=3,STDEV('Run metrics'!L4,'Run metrics'!L7,'Run metrics'!L10),"n.a.") -> 0.0092262651 | I20: =IF(COUNT('Run metrics'!M4,'Run metrics'!M7,'Run metrics'!M10)=3,AVERAGE('Run metrics'!M4,'Run metrics'!M7,'Run metrics'!M10),"n.a.") -> 0.8044 | J20: =IF(COUNT('Run metrics'!M4,'Run metrics'!M7,'Run metrics'!M10)=3,STDEV('Run metrics'!M4,'Run metrics'!M7,'Run metrics'!M10),"n.a.") -> 0.033815973
A21: F | B21: glide | C21: =IF(COUNT('Run metrics'!J11,'Run metrics'!J14,'Run metrics'!J17)=3,AVERAGE('Run metrics'!J11,'Run metrics'!J14,'Run metrics'!J17),"n.a.") -> 0.91655415 | D21: =IF(COUNT('Run metrics'!J11,'Run metrics'!J14,'Run metrics'!J17)=3,STDEV('Run metrics'!J11,'Run metrics'!J14,'Run metrics'!J17),"n.a.") -> 0.037191444 | E21: =IF(COUNT('Run metrics'!K11,'Run metrics'!K14,'Run metrics'!K17)=3,AVERAGE('Run metrics'!K11,'Run metrics'!K14,'Run metrics'!K17),"n.a.") -> 0.76868522 | F21: =IF(COUNT('Run metrics'!K11,'Run metrics'!K14,'Run metrics'!K17)=3,STDEV('Run metrics'!K11,'Run metrics'!K14,'Run metrics'!K17),"n.a.") -> 0.075596112 | G21: =IF(COUNT('Run metrics'!L11,'Run metrics'!L14,'Run metrics'!L17)=3,AVERAGE('Run metrics'!L11,'Run metrics'!L14,'Run metrics'!L17),"n.a.") -> 0.93997608 | H21: =IF(COUNT('Run metrics'!L11,'Run metrics'!L14,'Run metrics'!L17)=3,STDEV('Run metrics'!L11,'Run metrics'!L14,'Run metrics'!L17),"n.a.") -> 0.029604752 | I21: =IF(COUNT('Run metrics'!M11,'Run metrics'!M14,'Run metrics'!M17)=3,AVERAGE('Run metrics'!M11,'Run metrics'!M14,'Run metrics'!M17),"n.a.") -> 0.70746667 | J21: =IF(COUNT('Run metrics'!M11,'Run metrics'!M14,'Run metrics'!M17)=3,STDEV('Run metrics'!M11,'Run metrics'!M14,'Run metrics'!M17),"n.a.") -> 0.12251781
A22: F | B22: Midjourney | C22: =IF(COUNT('Run metrics'!J12,'Run metrics'!J15,'Run metrics'!J18)=3,AVERAGE('Run metrics'!J12,'Run metrics'!J15,'Run metrics'!J18),"n.a.") -> 0.7104996 | D22: =IF(COUNT('Run metrics'!J12,'Run metrics'!J15,'Run metrics'!J18)=3,STDEV('Run metrics'!J12,'Run metrics'!J15,'Run metrics'!J18),"n.a.") -> 0.064583412 | E22: =IF(COUNT('Run metrics'!K12,'Run metrics'!K15,'Run metrics'!K18)=3,AVERAGE('Run metrics'!K12,'Run metrics'!K15,'Run metrics'!K18),"n.a.") -> 0.48608838 | F22: =IF(COUNT('Run metrics'!K12,'Run metrics'!K15,'Run metrics'!K18)=3,STDEV('Run metrics'!K12,'Run metrics'!K15,'Run metrics'!K18),"n.a.") -> 0.037244782 | G22: =IF(COUNT('Run metrics'!L12,'Run metrics'!L15,'Run metrics'!L18)=3,AVERAGE('Run metrics'!L12,'Run metrics'!L15,'Run metrics'!L18),"n.a.") -> 0.86720275 | H22: =IF(COUNT('Run metrics'!L12,'Run metrics'!L15,'Run metrics'!L18)=3,STDEV('Run metrics'!L12,'Run metrics'!L15,'Run metrics'!L18),"n.a.") -> 0.0620958 | I22: =IF(COUNT('Run metrics'!M12,'Run metrics'!M15,'Run metrics'!M18)=3,AVERAGE('Run metrics'!M12,'Run metrics'!M15,'Run metrics'!M18),"n.a.") -> 0.29306667 | J22: =IF(COUNT('Run metrics'!M12,'Run metrics'!M15,'Run metrics'!M18)=3,STDEV('Run metrics'!M12,'Run metrics'!M15,'Run metrics'!M18),"n.a.") -> 0.059440502
A23: F | B23: wukong | C23: =IF(COUNT('Run metrics'!J13,'Run metrics'!J16,'Run metrics'!J19)=3,AVERAGE('Run metrics'!J13,'Run metrics'!J16,'Run metrics'!J19),"n.a.") -> 0.79529457 | D23: =IF(COUNT('Run metrics'!J13,'Run metrics'!J16,'Run metrics'!J19)=3,STDEV('Run metrics'!J13,'Run metrics'!J16,'Run metrics'!J19),"n.a.") -> 0.077517717 | E23: =IF(COUNT('Run metrics'!K13,'Run metrics'!K16,'Run metrics'!K19)=3,AVERAGE('Run metrics'!K13,'Run metrics'!K16,'Run metrics'!K19),"n.a.") -> 0.62074923 | F23: =IF(COUNT('Run metrics'!K13,'Run metrics'!K16,'Run metrics'!K19)=3,STDEV('Run metrics'!K13,'Run metrics'!K16,'Run metrics'!K19),"n.a.") -> 0.062057987 | G23: =IF(COUNT('Run metrics'!L13,'Run metrics'!L16,'Run metrics'!L19)=3,AVERAGE('Run metrics'!L13,'Run metrics'!L16,'Run metrics'!L19),"n.a.") -> 0.91212929 | H23: =IF(COUNT('Run metrics'!L13,'Run metrics'!L16,'Run metrics'!L19)=3,STDEV('Run metrics'!L13,'Run metrics'!L16,'Run metrics'!L19),"n.a.") -> 0.054810294 | I23: =IF(COUNT('Run metrics'!M13,'Run metrics'!M16,'Run metrics'!M19)=3,AVERAGE('Run metrics'!M13,'Run metrics'!M16,'Run metrics'!M19),"n.a.") -> 0.49053333 | J23: =IF(COUNT('Run metrics'!M13,'Run metrics'!M16,'Run metrics'!M19)=3,STDEV('Run metrics'!M13,'Run metrics'!M16,'Run metrics'!M19),"n.a.") -> 0.077278026
A24: B | B24: glide | C24: =IF(COUNT('Run metrics'!J20,'Run metrics'!J23,'Run metrics'!J26)=3,AVERAGE('Run metrics'!J20,'Run metrics'!J23,'Run metrics'!J26),"n.a.") -> 0.97576341 | D24: =IF(COUNT('Run metrics'!J20,'Run metrics'!J23,'Run metrics'!J26)=3,STDEV('Run metrics'!J20,'Run metrics'!J23,'Run metrics'!J26),"n.a.") -> 0.0042798397 | E24: =IF(COUNT('Run metrics'!K20,'Run metrics'!K23,'Run metrics'!K26)=3,AVERAGE('Run metrics'!K20,'Run metrics'!K23,'Run metrics'!K26),"n.a.") -> 0.90298236 | F24: =IF(COUNT('Run metrics'!K20,'Run metrics'!K23,'Run metrics'!K26)=3,STDEV('Run metrics'!K20,'Run metrics'!K23,'Run metrics'!K26),"n.a.") -> 0.043419817 | G24: =IF(COUNT('Run metrics'!L20,'Run metrics'!L23,'Run metrics'!L26)=3,AVERAGE('Run metrics'!L20,'Run metrics'!L23,'Run metrics'!L26),"n.a.") -> 0.96765363 | H24: =IF(COUNT('Run metrics'!L20,'Run metrics'!L23,'Run metrics'!L26)=3,STDEV('Run metrics'!L20,'Run metrics'!L23,'Run metrics'!L26),"n.a.") -> 0.01481446 | I24: =IF(COUNT('Run metrics'!M20,'Run metrics'!M23,'Run metrics'!M26)=3,AVERAGE('Run metrics'!M20,'Run metrics'!M23,'Run metrics'!M26),"n.a.") -> 0.8884 | J24: =IF(COUNT('Run metrics'!M20,'Run metrics'!M23,'Run metrics'!M26)=3,STDEV('Run metrics'!M20,'Run metrics'!M23,'Run metrics'!M26),"n.a.") -> 0.07960804
A25: B | B25: Midjourney | C25: =IF(COUNT('Run metrics'!J21,'Run metrics'!J24,'Run metrics'!J27)=3,AVERAGE('Run metrics'!J21,'Run metrics'!J24,'Run metrics'!J27),"n.a.") -> 0.90749651 | D25: =IF(COUNT('Run metrics'!J21,'Run metrics'!J24,'Run metrics'!J27)=3,STDEV('Run metrics'!J21,'Run metrics'!J24,'Run metrics'!J27),"n.a.") -> 0.0073175217 | E25: =IF(COUNT('Run metrics'!K21,'Run metrics'!K24,'Run metrics'!K27)=3,AVERAGE('Run metrics'!K21,'Run metrics'!K24,'Run metrics'!K27),"n.a.") -> 0.71940353 | F25: =IF(COUNT('Run metrics'!K21,'Run metrics'!K24,'Run metrics'!K27)=3,STDEV('Run metrics'!K21,'Run metrics'!K24,'Run metrics'!K27),"n.a.") -> 0.11152049 | G25: =IF(COUNT('Run metrics'!L21,'Run metrics'!L24,'Run metrics'!L27)=3,AVERAGE('Run metrics'!L21,'Run metrics'!L24,'Run metrics'!L27),"n.a.") -> 0.95520791 | H25: =IF(COUNT('Run metrics'!L21,'Run metrics'!L24,'Run metrics'!L27)=3,STDEV('Run metrics'!L21,'Run metrics'!L24,'Run metrics'!L27),"n.a.") -> 0.014110336 | I25: =IF(COUNT('Run metrics'!M21,'Run metrics'!M24,'Run metrics'!M27)=3,AVERAGE('Run metrics'!M21,'Run metrics'!M24,'Run metrics'!M27),"n.a.") -> 0.6192 | J25: =IF(COUNT('Run metrics'!M21,'Run metrics'!M24,'Run metrics'!M27)=3,STDEV('Run metrics'!M21,'Run metrics'!M24,'Run metrics'!M27),"n.a.") -> 0.17843363
A26: B | B26: wukong | C26: =IF(COUNT('Run metrics'!J22,'Run metrics'!J25,'Run metrics'!J28)=3,AVERAGE('Run metrics'!J22,'Run metrics'!J25,'Run metrics'!J28),"n.a.") -> 0.93996501 | D26: =IF(COUNT('Run metrics'!J22,'Run metrics'!J25,'Run metrics'!J28)=3,STDEV('Run metrics'!J22,'Run metrics'!J25,'Run metrics'!J28),"n.a.") -> 0.0071554131 | E26: =IF(COUNT('Run metrics'!K22,'Run metrics'!K25,'Run metrics'!K28)=3,AVERAGE('Run metrics'!K22,'Run metrics'!K25,'Run metrics'!K28),"n.a.") -> 0.80087289 | F26: =IF(COUNT('Run metrics'!K22,'Run metrics'!K25,'Run metrics'!K28)=3,STDEV('Run metrics'!K22,'Run metrics'!K25,'Run metrics'!K28),"n.a.") -> 0.094377249 | G26: =IF(COUNT('Run metrics'!L22,'Run metrics'!L25,'Run metrics'!L28)=3,AVERAGE('Run metrics'!L22,'Run metrics'!L25,'Run metrics'!L28),"n.a.") -> 0.96205797 | H26: =IF(COUNT('Run metrics'!L22,'Run metrics'!L25,'Run metrics'!L28)=3,STDEV('Run metrics'!L22,'Run metrics'!L25,'Run metrics'!L28),"n.a.") -> 0.014486844 | I26: =IF(COUNT('Run metrics'!M22,'Run metrics'!M25,'Run metrics'!M28)=3,AVERAGE('Run metrics'!M22,'Run metrics'!M25,'Run metrics'!M28),"n.a.") -> 0.73866667 | J26: =IF(COUNT('Run metrics'!M22,'Run metrics'!M25,'Run metrics'!M28)=3,STDEV('Run metrics'!M22,'Run metrics'!M25,'Run metrics'!M28),"n.a.") -> 0.15334893

Sheet Run metrics
A1: Model | B1: Seed | C1: Generator | D1: Real images | E1: AI images | F1: TN | G1: FP | H1: FN | I1: TP | J1: AUROC | K1: Accuracy | L1: Precision | M1: Recall
A2: A | B2: 42 | C2: glide | D2: 1166 | E2: 2500 | F2: 1074 | G2: 92 | H2: 180 | I2: 2320 | J2: 0.97666724 | K2: =(F2+I2)/SUM(F2:I2) -> 0.92580469 | L2: =IF(SUM(G2,I2)=0,"n.a.",I2/SUM(G2,I2)) -> 0.96185738 | M2: =I2/SUM(H2:I2) -> 0.928
A3: A | B3: 42 | C3: Midjourney | D3: 1166 | E3: 2500 | F3: 1074 | G3: 92 | H3: 536 | I3: 1964 | J3: 0.93644528 | K3: =(F3+I3)/SUM(F3:I3) -> 0.82869613 | L3: =IF(SUM(G3,I3)=0,"n.a.",I3/SUM(G3,I3)) -> 0.95525292 | M3: =I3/SUM(H3:I3) -> 0.7856
A4: A | B4: 42 | C4: wukong | D4: 1166 | E4: 2500 | F4: 1074 | G4: 92 | H4: 450 | I4: 2050 | J4: 0.94596895 | K4: =(F4+I4)/SUM(F4:I4) -> 0.85215494 | L4: =IF(SUM(G4,I4)=0,"n.a.",I4/SUM(G4,I4)) -> 0.95704949 | M4: =I4/SUM(H4:I4) -> 0.82
A5: A | B5: 123 | C5: glide | D5: 1166 | E5: 2500 | F5: 1104 | G5: 62 | H5: 273 | I5: 2227 | J5: 0.97815575 | K5: =(F5+I5)/SUM(F5:I5) -> 0.90861975 | L5: =IF(SUM(G5,I5)=0,"n.a.",I5/SUM(G5,I5)) -> 0.97291394 | M5: =I5/SUM(H5:I5) -> 0.8908
A6: A | B6: 123 | C6: Midjourney | D6: 1166 | E6: 2500 | F6: 1104 | G6: 62 | H6: 682 | I6: 1818 | J6: 0.93830497 | K6: =(F6+I6)/SUM(F6:I6) -> 0.79705401 | L6: =IF(SUM(G6,I6)=0,"n.a.",I6/SUM(G6,I6)) -> 0.96702128 | M6: =I6/SUM(H6:I6) -> 0.7272
A7: A | B7: 123 | C7: wukong | D7: 1166 | E7: 2500 | F7: 1104 | G7: 62 | H7: 586 | I7: 1914 | J7: 0.94562607 | K7: =(F7+I7)/SUM(F7:I7) -> 0.82324059 | L7: =IF(SUM(G7,I7)=0,"n.a.",I7/SUM(G7,I7)) -> 0.96862348 | M7: =I7/SUM(H7:I7) -> 0.7656
A8: A | B8: 2026 | C8: glide | D8: 1166 | E8: 2500 | F8: 1058 | G8: 108 | H8: 228 | I8: 2272 | J8: 0.96895437 | K8: =(F8+I8)/SUM(F8:I8) -> 0.90834697 | L8: =IF(SUM(G8,I8)=0,"n.a.",I8/SUM(G8,I8)) -> 0.95462185 | M8: =I8/SUM(H8:I8) -> 0.9088
A9: A | B9: 2026 | C9: Midjourney | D9: 1166 | E9: 2500 | F9: 1058 | G9: 108 | H9: 441 | I9: 2059 | J9: 0.93586038 | K9: =(F9+I9)/SUM(F9:I9) -> 0.8502455 | L9: =IF(SUM(G9,I9)=0,"n.a.",I9/SUM(G9,I9)) -> 0.95016151 | M9: =I9/SUM(H9:I9) -> 0.8236
A10: A | B10: 2026 | C10: wukong | D10: 1166 | E10: 2500 | F10: 1058 | G10: 108 | H10: 431 | I10: 2069 | J10: 0.93716844 | K10: =(F10+I10)/SUM(F10:I10) -> 0.85297327 | L10: =IF(SUM(G10,I10)=0,"n.a.",I10/SUM(G10,I10)) -> 0.95039045 | M10: =I10/SUM(H10:I10) -> 0.8276
A11: F | B11: 42 | C11: glide | D11: 1166 | E11: 2500 | F11: 1061 | G11: 105 | H11: 461 | I11: 2039 | J11: 0.94788268 | K11: =(F11+I11)/SUM(F11:I11) -> 0.84560829 | L11: =IF(SUM(G11,I11)=0,"n.a.",I11/SUM(G11,I11)) -> 0.95102612 | M11: =I11/SUM(H11:I11) -> 0.8156
A12: F | B12: 42 | C12: Midjourney | D12: 1166 | E12: 2500 | F12: 1061 | G12: 105 | H12: 1622 | I12: 878 | J12: 0.76618937 | K12: =(F12+I12)/SUM(F12:I12) -> 0.52891435 | L12: =IF(SUM(G12,I12)=0,"n.a.",I12/SUM(G12,I12)) -> 0.89318413 | M12: =I12/SUM(H12:I12) -> 0.3512
A13: F | B13: 42 | C13: wukong | D13: 1166 | E13: 2500 | F13: 1061 | G13: 105 | H13: 1057 | I13: 1443 | J13: 0.84930635 | K13: =(F13+I13)/SUM(F13:I13) -> 0.68303328 | L13: =IF(SUM(G13,I13)=0,"n.a.",I13/SUM(G13,I13)) -> 0.93217054 | M13: =I13/SUM(H13:I13) -> 0.5772
... A28: B | B28: 2026 | C28: wukong | D28: 1166 | E28: 2500 | F28: 1082 | G28: 84 | H28: 429 | I28: 2071 | J28: 0.94738285 | K28: =(F28+I28)/SUM(F28:I28) -> 0.86006547 | L28: =IF(SUM(G28,I28)=0,"n.a.",I28/SUM(G28,I28)) -> 0.96102088 | M28: =I28/SUM(H28:I28) -> 0.8284
A31: Cross-generator statistics by seed
A33: Model | B33: Seed | C33: glide AUROC | D33: Midjourney AUROC | E33: wukong AUROC | F33: Mean AUROC | G33: Cross-generator SD | H33: Worst-generator AUROC | I33: AUROC range
A34: A | B34: 42 | C34: =J2 -> 0.97666724 | D34: =J3 -> 0.93644528 | E34: =J4 -> 0.94596895 | F34: =AVERAGE(C34:E34) -> 0.95302716 | G34: =STDEVP(C34:E34) -> 0.017162267 | H34: =MIN(C34:E34) -> 0.93644528 | I34: =MAX(C34:E34)-MIN(C34:E34) -> 0.040221955
A35: A | B35: 123 | C35: =J5 -> 0.97815575 | D35: =J6 -> 0.93830497 | E35: =J7 -> 0.94562607 | F35: =AVERAGE(C35:E35) -> 0.95402893 | G35: =STDEVP(C35:E35) -> 0.017320066 | H35: =MIN(C35:E35) -> 0.93830497 | I35: =MAX(C35:E35)-MIN(C35:E35) -> 0.039850772
A36: A | B36: 2026 | C36: =J8 -> 0.96895437 | D36: =J9 -> 0.93586038 | E36: =J10 -> 0.93716844 | F36: =AVERAGE(C36:E36) -> 0.94732773 | G36: =STDEVP(C36:E36) -> 0.015301668 | H36: =MIN(C36:E36) -> 0.93586038 | I36: =MAX(C36:E36)-MIN(C36:E36) -> 0.033093997
A37: F | B37: 42 | C37: =J11 -> 0.94788268 | D37: =J12 -> 0.76618937 | E37: =J13 -> 0.84930635 | F37: =AVERAGE(C37:E37) -> 0.85445946 | G37: =STDEVP(C37:E37) -> 0.074265428 | H37: =MIN(C37:E37) -> 0.76618937 | I37: =MAX(C37:E37)-MIN(C37:E37) -> 0.18169331
A38: F | B38: 123 | C38: =J14 -> 0.92632796 | D38: =J15 -> 0.72560823 | E38: =J16 -> 0.83010326 | F38: =AVERAGE(C38:E38) -> 0.82734648 | G38: =STDEVP(C38:E38) -> 0.081966668 | H38: =MIN(C38:E38) -> 0.72560823 | I38: =MAX(C38:E38)-MIN(C38:E38) -> 0.20071973
A39: F | B39: 2026 | C39: =J17 -> 0.8754518 | D39: =J18 -> 0.6397012 | E39: =J19 -> 0.7064741 | F39: =AVERAGE(C39:E39) -> 0.74054237 | G39: =STDEVP(C39:E39) -> 0.099213815 | H39: =MIN(C39:E39) -> 0.6397012 | I39: =MAX(C39:E39)-MIN(C39:E39) -> 0.2357506
A40: B | B40: 42 | C40: =J20 -> 0.97690635 | D40: =J21 -> 0.90112659 | E40: =J22 -> 0.93310463 | F40: =AVERAGE(C40:E40) -> 0.93704585 | G40: =STDEVP(C40:E40) -> 0.031062227 | H40: =MIN(C40:E40) -> 0.90112659 | I40: =MAX(C40:E40)-MIN(C40:E40) -> 0.07577976
A41: B | B41: 123 | C41: =J23 -> 0.97935575 | D41: =J24 -> 0.90587376 | E41: =J25 -> 0.93940755 | F41: =AVERAGE(C41:E41) -> 0.94154568 | G41: =STDEVP(C41:E41) -> 0.030036971 | H41: =MIN(C41:E41) -> 0.90587376 | I41: =MAX(C41:E41)-MIN(C41:E41) -> 0.07348199
A42: B | B42: 2026 | C42: =J26 -> 0.97102813 | D42: =J27 -> 0.91548919 | E42: =J28 -> 0.94738285 | F42: =AVERAGE(C42:E42) -> 0.94463339 | G42: =STDEVP(C42:E42) -> 0.022756874 | H42: =MIN(C42:E42) -> 0.91548919 | I42: =MAX(C42:E42)-MIN(C42:E42) -> 0.055538937
A45: Test settings
A46: Per generator: 2,500 AI + the same 1,166 real images = 3,666. AI=1; real=0; threshold=0.5.
A47: AUROC uses continuous probabilities. Other metrics use the classification threshold.
A48: Undefined precision is shown as n.a.
A49: Methods and sources: SCORING.md.
